[{"key": "z_probe_offset", "name": "Z Probe Offset", "url": "https://framagit.org/razer/octoprint_z_probe_offset"}, {"key": "simpleemergencystop", "name": "Simple Emergency Stop", "url": "https://github.com/Sebclem/OctoPrint-SimpleEmergencyStop"}, {"key": "resource_monitor", "name": "Resource Monitor", "url": "https://github.com/Renaud11232/OctoPrint-Resource-Monitor"}, {"key": "firmwareupdater", "name": "Firmware Updater", "url": "https://github.com/OctoPrint/OctoPrint-FirmwareUpdater"}, {"key": "excluderegion", "name": "Exclude Region", "url": "https://github.com/bradcfisher/OctoPrint-ExcludeRegionPlugin"}, {"key": "dashboard", "name": "Dashboard", "url": "https://github.com/j7126/OctoPrint-Dashboard"}, {"key": "cancelobject", "name": "Cancel Objects", "url": "https://github.com/paukstelis/OctoPrint-Cancelobject"}, {"key": "BLTouch", "name": "BLTouch Plugin", "url": "https://github.com/jneilliii/OctoPrint-Bltouch"}, {"key": "octolapse", "name": "Octolapse", "url": "https://github.com/FormerLurker/Octolapse"}, {"key": "eeprom_marlin", "name": "Marlin EEPROM Editor", "url": "https://github.com/cp2004/OctoPrint-EEPROM-Marlin."}, {"key": "bedlevelvisualizer", "name": "Bed Visualizer", "url": "https://github.com/jneilliii/OctoPrint-BedLevelVisualizer"}, {"key": "CR10_Leveling", "name": "Bed Leveling Plugin", "url": "https://github.com/lsellens/OctoPrint-Cr10_leveling"}, {"key": "bedlevelingwizard", "name": "Bed Leveling Wizard", "url": "https://github.com/jneilliii/OctoPrint-BedLevelingWizard"}, {"key": "touchtest", "name": "Touchtest Plugin", "url": "https://github.com/Peaches491/OctoPrint-Touchtest"}, {"key": "DisplayLayerProgress", "name": "DisplayLayerProgress Plugin", "url": "https://github.com/OllisGit/OctoPrint-DisplayLayerProgress"}, {"key": "ABL_Expert", "name": "ABL Expert Plugin", "url": "https://framagit.org/razer/Octoprint_ABL_Expert"}]